Id,UrlImage,NewsDbID,Id,Url,Title,Description,ParseTime,CreatedTime
107034a1-1de8-4eb7-b2f5-51114705ffd9,//static.mvd.ru/upload/site116/document_images/2024-01-29_at_16.32.52-188xx140.jpeg,f0c9498c-22d7-4f64-a8bd-4554369565ae,f0c9498c-22d7-4f64-a8bd-4554369565ae,/Press-sluzhba/Novosti/window/46370642/,Заседание Совета по научной деятельности Московского университета  МВД России имени В.Я. Кикотя»,Особое внимание было уделено вопросам подготовки научно-педагогических и научных кадров на кафедрах Университета,Дата 29 Января  17:00                3,01/01/0001 00:00:00
12a843ea-e0cd-4e86-8f06-6a9ac74eb00b,//static.mvd.ru/upload/site116/document_images/2024-01-29_at_16.32.52_(1)-188xx140.jpeg,f0c9498c-22d7-4f64-a8bd-4554369565ae,f0c9498c-22d7-4f64-a8bd-4554369565ae,/Press-sluzhba/Novosti/window/46370642/,Заседание Совета по научной деятельности Московского университета  МВД России имени В.Я. Кикотя»,Особое внимание было уделено вопросам подготовки научно-педагогических и научных кадров на кафедрах Университета,Дата 29 Января  17:00                3,01/01/0001 00:00:00
aa8d0a1c-d3d9-406f-8f4b-673304287852,//static.mvd.ru/upload/site116/document_images/2024-01-29_at_16.32.52_(2)-188xx140.jpeg,f0c9498c-22d7-4f64-a8bd-4554369565ae,f0c9498c-22d7-4f64-a8bd-4554369565ae,/Press-sluzhba/Novosti/window/46370642/,Заседание Совета по научной деятельности Московского университета  МВД России имени В.Я. Кикотя»,Особое внимание было уделено вопросам подготовки научно-педагогических и научных кадров на кафедрах Университета,Дата 29 Января  17:00                3,01/01/0001 00:00:00
2b8f6138-f249-45f7-a5be-454174cc4dfa,//static.mvd.ru/upload/site116/document_images/2024-01-29_at_16.32.52-188xx140.jpeg,f0c9498c-22d7-4f64-a8bd-4554369565ae,f0c9498c-22d7-4f64-a8bd-4554369565ae,/Press-sluzhba/Novosti/window/46370642/,Заседание Совета по научной деятельности Московского университета  МВД России имени В.Я. Кикотя»,Особое внимание было уделено вопросам подготовки научно-педагогических и научных кадров на кафедрах Университета,Дата 29 Января  17:00                3,01/01/0001 00:00:00
54a230ed-bb15-47f2-99c8-840a866f0bdf,//static.mvd.ru/upload/site116/document_images/2024-01-29_at_16.32.52_(1)-188xx140.jpeg,f0c9498c-22d7-4f64-a8bd-4554369565ae,f0c9498c-22d7-4f64-a8bd-4554369565ae,/Press-sluzhba/Novosti/window/46370642/,Заседание Совета по научной деятельности Московского университета  МВД России имени В.Я. Кикотя»,Особое внимание было уделено вопросам подготовки научно-педагогических и научных кадров на кафедрах Университета,Дата 29 Января  17:00                3,01/01/0001 00:00:00
ff1d34b7-d83b-4817-b5ad-09cd2f384999,//static.mvd.ru/upload/site116/document_images/2024-01-29_at_16.32.52_(2)-188xx140.jpeg,f0c9498c-22d7-4f64-a8bd-4554369565ae,f0c9498c-22d7-4f64-a8bd-4554369565ae,/Press-sluzhba/Novosti/window/46370642/,Заседание Совета по научной деятельности Московского университета  МВД России имени В.Я. Кикотя»,Особое внимание было уделено вопросам подготовки научно-педагогических и научных кадров на кафедрах Университета,Дата 29 Января  17:00                3,01/01/0001 00:00:00
9f0b6244-74fa-4aa8-b999-ca3392fcb7aa,//static.mvd.ru/upload/site116/document_images/2024-01-26_at_15.01.34_(1)-188xx140.jpeg,5e696f29-aa53-41ef-8d27-40eb698f2244,5e696f29-aa53-41ef-8d27-40eb698f2244,/Press-sluzhba/Novosti/window/46279548/,"В Университете состоялась выставка «Великая Отечественная война в советской и российской нумизматике», посвященная Дню полного освобождения Ленинграда от фашистской блокады","Знакомство с уникальной нумизматической коллекцией играет важную роль в повышении уровня патриотического, нравственного и эстетического воспитания личного состава Университета",Дата 26 Января  18:00                3,01/01/0001 00:00:00
6a3f118e-c7f7-43e3-9b43-d2eb464fca22,//static.mvd.ru/upload/site116/document_images/2024-01-26_at_15.01.34-188xx140.jpeg,5e696f29-aa53-41ef-8d27-40eb698f2244,5e696f29-aa53-41ef-8d27-40eb698f2244,/Press-sluzhba/Novosti/window/46279548/,"В Университете состоялась выставка «Великая Отечественная война в советской и российской нумизматике», посвященная Дню полного освобождения Ленинграда от фашистской блокады","Знакомство с уникальной нумизматической коллекцией играет важную роль в повышении уровня патриотического, нравственного и эстетического воспитания личного состава Университета",Дата 26 Января  18:00                3,01/01/0001 00:00:00
d98da5ad-42cc-4e77-b5f2-963e8dccaf24,//static.mvd.ru/upload/site116/document_images/2024-01-26_at_15.01.33-188xx140.jpeg,5e696f29-aa53-41ef-8d27-40eb698f2244,5e696f29-aa53-41ef-8d27-40eb698f2244,/Press-sluzhba/Novosti/window/46279548/,"В Университете состоялась выставка «Великая Отечественная война в советской и российской нумизматике», посвященная Дню полного освобождения Ленинграда от фашистской блокады","Знакомство с уникальной нумизматической коллекцией играет важную роль в повышении уровня патриотического, нравственного и эстетического воспитания личного состава Университета",Дата 26 Января  18:00                3,01/01/0001 00:00:00
fe95fd0e-2618-4abe-831f-ec310bf84fb1,//static.mvd.ru/upload/site116/document_images/2024-01-29_at_16.32.52-188xx140.jpeg,f0c9498c-22d7-4f64-a8bd-4554369565ae,f0c9498c-22d7-4f64-a8bd-4554369565ae,/Press-sluzhba/Novosti/window/46370642/,Заседание Совета по научной деятельности Московского университета  МВД России имени В.Я. Кикотя»,Особое внимание было уделено вопросам подготовки научно-педагогических и научных кадров на кафедрах Университета,Дата 29 Января  17:00                3,01/01/0001 00:00:00
48050645-cb3b-4410-a283-fd9b61620737,//static.mvd.ru/upload/site116/document_images/2024-01-29_at_16.32.52_(1)-188xx140.jpeg,f0c9498c-22d7-4f64-a8bd-4554369565ae,f0c9498c-22d7-4f64-a8bd-4554369565ae,/Press-sluzhba/Novosti/window/46370642/,Заседание Совета по научной деятельности Московского университета  МВД России имени В.Я. Кикотя»,Особое внимание было уделено вопросам подготовки научно-педагогических и научных кадров на кафедрах Университета,Дата 29 Января  17:00                3,01/01/0001 00:00:00
8a7ee49e-8c60-4bda-874d-6ebf8a166c1c,//static.mvd.ru/upload/site116/document_images/2024-01-29_at_16.32.52_(2)-188xx140.jpeg,f0c9498c-22d7-4f64-a8bd-4554369565ae,f0c9498c-22d7-4f64-a8bd-4554369565ae,/Press-sluzhba/Novosti/window/46370642/,Заседание Совета по научной деятельности Московского университета  МВД России имени В.Я. Кикотя»,Особое внимание было уделено вопросам подготовки научно-педагогических и научных кадров на кафедрах Университета,Дата 29 Января  17:00                3,01/01/0001 00:00:00
ec14e227-31b5-42e4-b348-8038ee829255,//static.mvd.ru/upload/site116/document_images/2024-01-26_at_15.01.34_(1)-188xx140.jpeg,5e696f29-aa53-41ef-8d27-40eb698f2244,5e696f29-aa53-41ef-8d27-40eb698f2244,/Press-sluzhba/Novosti/window/46279548/,"В Университете состоялась выставка «Великая Отечественная война в советской и российской нумизматике», посвященная Дню полного освобождения Ленинграда от фашистской блокады","Знакомство с уникальной нумизматической коллекцией играет важную роль в повышении уровня патриотического, нравственного и эстетического воспитания личного состава Университета",Дата 26 Января  18:00                3,01/01/0001 00:00:00
685331bf-601c-4519-962e-15ef7be949f2,//static.mvd.ru/upload/site116/document_images/2024-01-26_at_15.01.34-188xx140.jpeg,5e696f29-aa53-41ef-8d27-40eb698f2244,5e696f29-aa53-41ef-8d27-40eb698f2244,/Press-sluzhba/Novosti/window/46279548/,"В Университете состоялась выставка «Великая Отечественная война в советской и российской нумизматике», посвященная Дню полного освобождения Ленинграда от фашистской блокады","Знакомство с уникальной нумизматической коллекцией играет важную роль в повышении уровня патриотического, нравственного и эстетического воспитания личного состава Университета",Дата 26 Января  18:00                3,01/01/0001 00:00:00
c2f7093d-fce9-4ec8-a9ba-3603d2219673,//static.mvd.ru/upload/site116/document_images/2024-01-26_at_15.01.33-188xx140.jpeg,5e696f29-aa53-41ef-8d27-40eb698f2244,5e696f29-aa53-41ef-8d27-40eb698f2244,/Press-sluzhba/Novosti/window/46279548/,"В Университете состоялась выставка «Великая Отечественная война в советской и российской нумизматике», посвященная Дню полного освобождения Ленинграда от фашистской блокады","Знакомство с уникальной нумизматической коллекцией играет важную роль в повышении уровня патриотического, нравственного и эстетического воспитания личного состава Университета",Дата 26 Января  18:00                3,01/01/0001 00:00:00
bfb4601f-42a3-41b2-9e6f-c9f628671783,//static.mvd.ru/upload/site116/document_images/PHOTO-2024-01-26-11-35-51-188xx140.jpg,2b52601d-b1a4-4fa4-be2b-c2c4c6da62f5,2b52601d-b1a4-4fa4-be2b-c2c4c6da62f5,/Press-sluzhba/Novosti/window/46254293/,Курсант Университета завоевала серебро на Первенстве Москвы по легкой атлетике,Поздравляем Ольгу с победой и желаем новых спортивных достижений!,Дата 26 Января  11:52                1,01/01/0001 00:00:00
4f93fe02-15df-4ce6-9c7a-f0281cb77bdc,//static.mvd.ru/upload/site116/document_images/2024-01-29_at_16.32.52-188xx140.jpeg,f0c9498c-22d7-4f64-a8bd-4554369565ae,f0c9498c-22d7-4f64-a8bd-4554369565ae,/Press-sluzhba/Novosti/window/46370642/,Заседание Совета по научной деятельности Московского университета  МВД России имени В.Я. Кикотя»,Особое внимание было уделено вопросам подготовки научно-педагогических и научных кадров на кафедрах Университета,Дата 29 Января  17:00                3,01/01/0001 00:00:00
c8ee4e7b-efeb-4331-b1ad-9fa25685c06f,//static.mvd.ru/upload/site116/document_images/2024-01-29_at_16.32.52_(1)-188xx140.jpeg,f0c9498c-22d7-4f64-a8bd-4554369565ae,f0c9498c-22d7-4f64-a8bd-4554369565ae,/Press-sluzhba/Novosti/window/46370642/,Заседание Совета по научной деятельности Московского университета  МВД России имени В.Я. Кикотя»,Особое внимание было уделено вопросам подготовки научно-педагогических и научных кадров на кафедрах Университета,Дата 29 Января  17:00                3,01/01/0001 00:00:00
e5efb4ef-618b-4e65-8269-1c4b5bd7a42d,//static.mvd.ru/upload/site116/document_images/2024-01-29_at_16.32.52_(2)-188xx140.jpeg,f0c9498c-22d7-4f64-a8bd-4554369565ae,f0c9498c-22d7-4f64-a8bd-4554369565ae,/Press-sluzhba/Novosti/window/46370642/,Заседание Совета по научной деятельности Московского университета  МВД России имени В.Я. Кикотя»,Особое внимание было уделено вопросам подготовки научно-педагогических и научных кадров на кафедрах Университета,Дата 29 Января  17:00                3,01/01/0001 00:00:00
b526de3b-73ee-47b7-8427-c7e9ef8856d2,//static.mvd.ru/upload/site116/document_images/2024-01-26_at_15.01.34_(1)-188xx140.jpeg,5e696f29-aa53-41ef-8d27-40eb698f2244,5e696f29-aa53-41ef-8d27-40eb698f2244,/Press-sluzhba/Novosti/window/46279548/,"В Университете состоялась выставка «Великая Отечественная война в советской и российской нумизматике», посвященная Дню полного освобождения Ленинграда от фашистской блокады","Знакомство с уникальной нумизматической коллекцией играет важную роль в повышении уровня патриотического, нравственного и эстетического воспитания личного состава Университета",Дата 26 Января  18:00                3,01/01/0001 00:00:00
f8fd57cb-5f67-421b-b50c-3d689496efc2,//static.mvd.ru/upload/site116/document_images/2024-01-26_at_15.01.34-188xx140.jpeg,5e696f29-aa53-41ef-8d27-40eb698f2244,5e696f29-aa53-41ef-8d27-40eb698f2244,/Press-sluzhba/Novosti/window/46279548/,"В Университете состоялась выставка «Великая Отечественная война в советской и российской нумизматике», посвященная Дню полного освобождения Ленинграда от фашистской блокады","Знакомство с уникальной нумизматической коллекцией играет важную роль в повышении уровня патриотического, нравственного и эстетического воспитания личного состава Университета",Дата 26 Января  18:00                3,01/01/0001 00:00:00
2d2f975d-7482-4899-9a8f-ba602348cae8,//static.mvd.ru/upload/site116/document_images/2024-01-26_at_15.01.33-188xx140.jpeg,5e696f29-aa53-41ef-8d27-40eb698f2244,5e696f29-aa53-41ef-8d27-40eb698f2244,/Press-sluzhba/Novosti/window/46279548/,"В Университете состоялась выставка «Великая Отечественная война в советской и российской нумизматике», посвященная Дню полного освобождения Ленинграда от фашистской блокады","Знакомство с уникальной нумизматической коллекцией играет важную роль в повышении уровня патриотического, нравственного и эстетического воспитания личного состава Университета",Дата 26 Января  18:00                3,01/01/0001 00:00:00
040f73d5-2cb7-4267-bf3a-f245323aedd9,//static.mvd.ru/upload/site116/document_images/PHOTO-2024-01-26-11-35-51-188xx140.jpg,2b52601d-b1a4-4fa4-be2b-c2c4c6da62f5,2b52601d-b1a4-4fa4-be2b-c2c4c6da62f5,/Press-sluzhba/Novosti/window/46254293/,Курсант Университета завоевала серебро на Первенстве Москвы по легкой атлетике,Поздравляем Ольгу с победой и желаем новых спортивных достижений!,Дата 26 Января  11:52                1,01/01/0001 00:00:00
b9b82748-3813-4d38-8d8e-3ea2868ae5dc,//static.mvd.ru/upload/site116/document_images/2024-01-29_at_16.32.52-188xx140.jpeg,f0c9498c-22d7-4f64-a8bd-4554369565ae,f0c9498c-22d7-4f64-a8bd-4554369565ae,/Press-sluzhba/Novosti/window/46370642/,Заседание Совета по научной деятельности Московского университета  МВД России имени В.Я. Кикотя»,Особое внимание было уделено вопросам подготовки научно-педагогических и научных кадров на кафедрах Университета,Дата 29 Января  17:00                3,01/01/0001 00:00:00
ebb5460b-2ea6-4b7c-a8bf-eb0bf59c7cc2,//static.mvd.ru/upload/site116/document_images/2024-01-29_at_16.32.52_(1)-188xx140.jpeg,f0c9498c-22d7-4f64-a8bd-4554369565ae,f0c9498c-22d7-4f64-a8bd-4554369565ae,/Press-sluzhba/Novosti/window/46370642/,Заседание Совета по научной деятельности Московского университета  МВД России имени В.Я. Кикотя»,Особое внимание было уделено вопросам подготовки научно-педагогических и научных кадров на кафедрах Университета,Дата 29 Января  17:00                3,01/01/0001 00:00:00
c7b1682c-66dd-4f46-b0ad-6ca4dd29f3c8,//static.mvd.ru/upload/site116/document_images/2024-01-29_at_16.32.52_(2)-188xx140.jpeg,f0c9498c-22d7-4f64-a8bd-4554369565ae,f0c9498c-22d7-4f64-a8bd-4554369565ae,/Press-sluzhba/Novosti/window/46370642/,Заседание Совета по научной деятельности Московского университета  МВД России имени В.Я. Кикотя»,Особое внимание было уделено вопросам подготовки научно-педагогических и научных кадров на кафедрах Университета,Дата 29 Января  17:00                3,01/01/0001 00:00:00
638905dd-60bb-4579-8841-e8601281c705,//static.mvd.ru/upload/site116/document_images/2024-01-26_at_15.01.34_(1)-188xx140.jpeg,5e696f29-aa53-41ef-8d27-40eb698f2244,5e696f29-aa53-41ef-8d27-40eb698f2244,/Press-sluzhba/Novosti/window/46279548/,"В Университете состоялась выставка «Великая Отечественная война в советской и российской нумизматике», посвященная Дню полного освобождения Ленинграда от фашистской блокады","Знакомство с уникальной нумизматической коллекцией играет важную роль в повышении уровня патриотического, нравственного и эстетического воспитания личного состава Университета",Дата 26 Января  18:00                3,01/01/0001 00:00:00
a8c71d2d-b477-4b0b-a01a-1807a09860cb,//static.mvd.ru/upload/site116/document_images/2024-01-26_at_15.01.34-188xx140.jpeg,5e696f29-aa53-41ef-8d27-40eb698f2244,5e696f29-aa53-41ef-8d27-40eb698f2244,/Press-sluzhba/Novosti/window/46279548/,"В Университете состоялась выставка «Великая Отечественная война в советской и российской нумизматике», посвященная Дню полного освобождения Ленинграда от фашистской блокады","Знакомство с уникальной нумизматической коллекцией играет важную роль в повышении уровня патриотического, нравственного и эстетического воспитания личного состава Университета",Дата 26 Января  18:00                3,01/01/0001 00:00:00
84c072f5-f544-4617-9ecf-dcf5cc563a0e,//static.mvd.ru/upload/site116/document_images/2024-01-26_at_15.01.33-188xx140.jpeg,5e696f29-aa53-41ef-8d27-40eb698f2244,5e696f29-aa53-41ef-8d27-40eb698f2244,/Press-sluzhba/Novosti/window/46279548/,"В Университете состоялась выставка «Великая Отечественная война в советской и российской нумизматике», посвященная Дню полного освобождения Ленинграда от фашистской блокады","Знакомство с уникальной нумизматической коллекцией играет важную роль в повышении уровня патриотического, нравственного и эстетического воспитания личного состава Университета",Дата 26 Января  18:00                3,01/01/0001 00:00:00
2382aaa2-c0b8-4a44-af7b-6c1836b9e123,//static.mvd.ru/upload/site116/document_images/PHOTO-2024-01-26-11-35-51-188xx140.jpg,2b52601d-b1a4-4fa4-be2b-c2c4c6da62f5,2b52601d-b1a4-4fa4-be2b-c2c4c6da62f5,/Press-sluzhba/Novosti/window/46254293/,Курсант Университета завоевала серебро на Первенстве Москвы по легкой атлетике,Поздравляем Ольгу с победой и желаем новых спортивных достижений!,Дата 26 Января  11:52                1,01/01/0001 00:00:00
00a87a75-d345-45e6-98ae-471ff7d63315,//static.mvd.ru/upload/site116/document_images/2024-01-25_at_17.36.17-188xx140.jpeg,e8e05322-b6f4-4597-85a3-f160ea5e4ee1,e8e05322-b6f4-4597-85a3-f160ea5e4ee1,/Press-sluzhba/Novosti/window/46229879/,"Межвузовский круглый стол, посвященный Дню российского студенчества «Цифровизация правоотношений: проблемы теории и практики глазами молодых ученых»",В ходе дискуссии были рассмотрены наиболее актуальные вопросы,Дата 25 Января  18:30                4,01/01/0001 00:00:00
499de683-28c4-4472-9186-dd0ed9a73f60,//static.mvd.ru/upload/site116/document_images/2024-01-25_at_17.40.11-188xx140.jpeg,e8e05322-b6f4-4597-85a3-f160ea5e4ee1,e8e05322-b6f4-4597-85a3-f160ea5e4ee1,/Press-sluzhba/Novosti/window/46229879/,"Межвузовский круглый стол, посвященный Дню российского студенчества «Цифровизация правоотношений: проблемы теории и практики глазами молодых ученых»",В ходе дискуссии были рассмотрены наиболее актуальные вопросы,Дата 25 Января  18:30                4,01/01/0001 00:00:00
8faff872-46c5-4373-bf8f-59cd74ca3f6d,//static.mvd.ru/upload/site116/document_images/2024-01-25_at_17.36.09-188xx140.jpeg,e8e05322-b6f4-4597-85a3-f160ea5e4ee1,e8e05322-b6f4-4597-85a3-f160ea5e4ee1,/Press-sluzhba/Novosti/window/46229879/,"Межвузовский круглый стол, посвященный Дню российского студенчества «Цифровизация правоотношений: проблемы теории и практики глазами молодых ученых»",В ходе дискуссии были рассмотрены наиболее актуальные вопросы,Дата 25 Января  18:30                4,01/01/0001 00:00:00
a007c943-7041-44b5-ae02-902f5fd74f0e,//static.mvd.ru/upload/site116/document_images/2024-01-25_at_17.36.32-188xx140.jpeg,e8e05322-b6f4-4597-85a3-f160ea5e4ee1,e8e05322-b6f4-4597-85a3-f160ea5e4ee1,/Press-sluzhba/Novosti/window/46229879/,"Межвузовский круглый стол, посвященный Дню российского студенчества «Цифровизация правоотношений: проблемы теории и практики глазами молодых ученых»",В ходе дискуссии были рассмотрены наиболее актуальные вопросы,Дата 25 Января  18:30                4,01/01/0001 00:00:00
712d3451-02e9-4c21-b289-4ba0d286de10,//static.mvd.ru/upload/site116/document_images/2024-01-29_at_16.32.52-188xx140.jpeg,f0c9498c-22d7-4f64-a8bd-4554369565ae,f0c9498c-22d7-4f64-a8bd-4554369565ae,/Press-sluzhba/Novosti/window/46370642/,Заседание Совета по научной деятельности Московского университета  МВД России имени В.Я. Кикотя»,Особое внимание было уделено вопросам подготовки научно-педагогических и научных кадров на кафедрах Университета,Дата 29 Января  17:00                3,01/01/0001 00:00:00
c6613a01-a0d8-401e-910a-03a3eb2dafda,//static.mvd.ru/upload/site116/document_images/2024-01-29_at_16.32.52_(1)-188xx140.jpeg,f0c9498c-22d7-4f64-a8bd-4554369565ae,f0c9498c-22d7-4f64-a8bd-4554369565ae,/Press-sluzhba/Novosti/window/46370642/,Заседание Совета по научной деятельности Московского университета  МВД России имени В.Я. Кикотя»,Особое внимание было уделено вопросам подготовки научно-педагогических и научных кадров на кафедрах Университета,Дата 29 Января  17:00                3,01/01/0001 00:00:00
6ec020e2-4c4b-4916-b1f2-be6ddb607d13,//static.mvd.ru/upload/site116/document_images/2024-01-29_at_16.32.52_(2)-188xx140.jpeg,f0c9498c-22d7-4f64-a8bd-4554369565ae,f0c9498c-22d7-4f64-a8bd-4554369565ae,/Press-sluzhba/Novosti/window/46370642/,Заседание Совета по научной деятельности Московского университета  МВД России имени В.Я. Кикотя»,Особое внимание было уделено вопросам подготовки научно-педагогических и научных кадров на кафедрах Университета,Дата 29 Января  17:00                3,01/01/0001 00:00:00
84e6df2e-2421-4615-b3a8-1acba9e50935,//static.mvd.ru/upload/site116/document_images/2024-01-26_at_15.01.34_(1)-188xx140.jpeg,5e696f29-aa53-41ef-8d27-40eb698f2244,5e696f29-aa53-41ef-8d27-40eb698f2244,/Press-sluzhba/Novosti/window/46279548/,"В Университете состоялась выставка «Великая Отечественная война в советской и российской нумизматике», посвященная Дню полного освобождения Ленинграда от фашистской блокады","Знакомство с уникальной нумизматической коллекцией играет важную роль в повышении уровня патриотического, нравственного и эстетического воспитания личного состава Университета",Дата 26 Января  18:00                3,01/01/0001 00:00:00
4d813aa1-e90c-4406-abf0-6bde00d35cb4,//static.mvd.ru/upload/site116/document_images/2024-01-26_at_15.01.34-188xx140.jpeg,5e696f29-aa53-41ef-8d27-40eb698f2244,5e696f29-aa53-41ef-8d27-40eb698f2244,/Press-sluzhba/Novosti/window/46279548/,"В Университете состоялась выставка «Великая Отечественная война в советской и российской нумизматике», посвященная Дню полного освобождения Ленинграда от фашистской блокады","Знакомство с уникальной нумизматической коллекцией играет важную роль в повышении уровня патриотического, нравственного и эстетического воспитания личного состава Университета",Дата 26 Января  18:00                3,01/01/0001 00:00:00
636d26fd-29be-49ed-b64d-f4ef27080413,//static.mvd.ru/upload/site116/document_images/2024-01-26_at_15.01.33-188xx140.jpeg,5e696f29-aa53-41ef-8d27-40eb698f2244,5e696f29-aa53-41ef-8d27-40eb698f2244,/Press-sluzhba/Novosti/window/46279548/,"В Университете состоялась выставка «Великая Отечественная война в советской и российской нумизматике», посвященная Дню полного освобождения Ленинграда от фашистской блокады","Знакомство с уникальной нумизматической коллекцией играет важную роль в повышении уровня патриотического, нравственного и эстетического воспитания личного состава Университета",Дата 26 Января  18:00                3,01/01/0001 00:00:00
73d9db2b-8c23-4df2-abcd-af3baec4e3d6,//static.mvd.ru/upload/site116/document_images/PHOTO-2024-01-26-11-35-51-188xx140.jpg,2b52601d-b1a4-4fa4-be2b-c2c4c6da62f5,2b52601d-b1a4-4fa4-be2b-c2c4c6da62f5,/Press-sluzhba/Novosti/window/46254293/,Курсант Университета завоевала серебро на Первенстве Москвы по легкой атлетике,Поздравляем Ольгу с победой и желаем новых спортивных достижений!,Дата 26 Января  11:52                1,01/01/0001 00:00:00
ffc016e2-fe27-4184-9d9c-85b5aac89427,//static.mvd.ru/upload/site116/document_images/2024-01-25_at_17.36.17-188xx140.jpeg,e8e05322-b6f4-4597-85a3-f160ea5e4ee1,e8e05322-b6f4-4597-85a3-f160ea5e4ee1,/Press-sluzhba/Novosti/window/46229879/,"Межвузовский круглый стол, посвященный Дню российского студенчества «Цифровизация правоотношений: проблемы теории и практики глазами молодых ученых»",В ходе дискуссии были рассмотрены наиболее актуальные вопросы,Дата 25 Января  18:30                4,01/01/0001 00:00:00
e4cf144b-a0c8-4ea3-8709-e8d5fcc4a118,//static.mvd.ru/upload/site116/document_images/2024-01-25_at_17.40.11-188xx140.jpeg,e8e05322-b6f4-4597-85a3-f160ea5e4ee1,e8e05322-b6f4-4597-85a3-f160ea5e4ee1,/Press-sluzhba/Novosti/window/46229879/,"Межвузовский круглый стол, посвященный Дню российского студенчества «Цифровизация правоотношений: проблемы теории и практики глазами молодых ученых»",В ходе дискуссии были рассмотрены наиболее актуальные вопросы,Дата 25 Января  18:30                4,01/01/0001 00:00:00
f5b55c34-0a10-4891-b490-208392fa9eb7,//static.mvd.ru/upload/site116/document_images/2024-01-25_at_17.36.09-188xx140.jpeg,e8e05322-b6f4-4597-85a3-f160ea5e4ee1,e8e05322-b6f4-4597-85a3-f160ea5e4ee1,/Press-sluzhba/Novosti/window/46229879/,"Межвузовский круглый стол, посвященный Дню российского студенчества «Цифровизация правоотношений: проблемы теории и практики глазами молодых ученых»",В ходе дискуссии были рассмотрены наиболее актуальные вопросы,Дата 25 Января  18:30                4,01/01/0001 00:00:00
81619dac-bc51-49ff-b3d9-3abb83e3d3b3,//static.mvd.ru/upload/site116/document_images/2024-01-25_at_17.36.32-188xx140.jpeg,e8e05322-b6f4-4597-85a3-f160ea5e4ee1,e8e05322-b6f4-4597-85a3-f160ea5e4ee1,/Press-sluzhba/Novosti/window/46229879/,"Межвузовский круглый стол, посвященный Дню российского студенчества «Цифровизация правоотношений: проблемы теории и практики глазами молодых ученых»",В ходе дискуссии были рассмотрены наиболее актуальные вопросы,Дата 25 Января  18:30                4,01/01/0001 00:00:00
5f29b589-28fe-4863-91fb-ba3e3b13a9ca,//static.mvd.ru/upload/site116/document_images/2024-01-24_at_10.57.37-188xx140.jpeg,184b60bf-7d1e-4c12-a3ee-dc530047f04d,184b60bf-7d1e-4c12-a3ee-dc530047f04d,/Press-sluzhba/Novosti/window/46163713/,В Московском университете МВД России имени В.Я. Кикотя состоялся цикл мероприятий в рамках реализации проекта «Пропаганда научных знаний»,"В мероприятиях приняли участие профессорско-преподавательский состав, адъюнкты факультета подготовки научно-педагогических и научных кадров, члены научного кружка кафедры",Дата 24 Января  12:20                2,01/01/0001 00:00:00
8237e2b8-5be6-46ef-a8c5-da69c0b882b6,//static.mvd.ru/upload/site116/document_images/2024-01-24_at_10.57.36-188xx140.jpeg,184b60bf-7d1e-4c12-a3ee-dc530047f04d,184b60bf-7d1e-4c12-a3ee-dc530047f04d,/Press-sluzhba/Novosti/window/46163713/,В Московском университете МВД России имени В.Я. Кикотя состоялся цикл мероприятий в рамках реализации проекта «Пропаганда научных знаний»,"В мероприятиях приняли участие профессорско-преподавательский состав, адъюнкты факультета подготовки научно-педагогических и научных кадров, члены научного кружка кафедры",Дата 24 Января  12:20                2,01/01/0001 00:00:00
a1d1e677-eb3d-4db7-85c1-c532d1e32a89,//static.mvd.ru/upload/site116/document_images/2024-01-29_at_16.32.52-188xx140.jpeg,f0c9498c-22d7-4f64-a8bd-4554369565ae,f0c9498c-22d7-4f64-a8bd-4554369565ae,/Press-sluzhba/Novosti/window/46370642/,Заседание Совета по научной деятельности Московского университета  МВД России имени В.Я. Кикотя»,Особое внимание было уделено вопросам подготовки научно-педагогических и научных кадров на кафедрах Университета,Дата 29 Января  17:00                3,01/01/0001 00:00:00
b741aab8-f8b9-42e2-aa6d-b84d13010268,//static.mvd.ru/upload/site116/document_images/2024-01-29_at_16.32.52_(1)-188xx140.jpeg,f0c9498c-22d7-4f64-a8bd-4554369565ae,f0c9498c-22d7-4f64-a8bd-4554369565ae,/Press-sluzhba/Novosti/window/46370642/,Заседание Совета по научной деятельности Московского университета  МВД России имени В.Я. Кикотя»,Особое внимание было уделено вопросам подготовки научно-педагогических и научных кадров на кафедрах Университета,Дата 29 Января  17:00                3,01/01/0001 00:00:00
5d202957-d354-417e-8ff1-ff11cea8153f,//static.mvd.ru/upload/site116/document_images/2024-01-29_at_16.32.52_(2)-188xx140.jpeg,f0c9498c-22d7-4f64-a8bd-4554369565ae,f0c9498c-22d7-4f64-a8bd-4554369565ae,/Press-sluzhba/Novosti/window/46370642/,Заседание Совета по научной деятельности Московского университета  МВД России имени В.Я. Кикотя»,Особое внимание было уделено вопросам подготовки научно-педагогических и научных кадров на кафедрах Университета,Дата 29 Января  17:00                3,01/01/0001 00:00:00
61f63ea7-2b1e-41b9-ab76-a9e7d7ce1038,//static.mvd.ru/upload/site116/document_images/2024-01-26_at_15.01.34_(1)-188xx140.jpeg,5e696f29-aa53-41ef-8d27-40eb698f2244,5e696f29-aa53-41ef-8d27-40eb698f2244,/Press-sluzhba/Novosti/window/46279548/,"В Университете состоялась выставка «Великая Отечественная война в советской и российской нумизматике», посвященная Дню полного освобождения Ленинграда от фашистской блокады","Знакомство с уникальной нумизматической коллекцией играет важную роль в повышении уровня патриотического, нравственного и эстетического воспитания личного состава Университета",Дата 26 Января  18:00                3,01/01/0001 00:00:00
ae30815a-3a22-4c4b-af13-1a39c07f6702,//static.mvd.ru/upload/site116/document_images/2024-01-26_at_15.01.34-188xx140.jpeg,5e696f29-aa53-41ef-8d27-40eb698f2244,5e696f29-aa53-41ef-8d27-40eb698f2244,/Press-sluzhba/Novosti/window/46279548/,"В Университете состоялась выставка «Великая Отечественная война в советской и российской нумизматике», посвященная Дню полного освобождения Ленинграда от фашистской блокады","Знакомство с уникальной нумизматической коллекцией играет важную роль в повышении уровня патриотического, нравственного и эстетического воспитания личного состава Университета",Дата 26 Января  18:00                3,01/01/0001 00:00:00
480064b6-af06-408d-87e6-33a5a987b192,//static.mvd.ru/upload/site116/document_images/2024-01-26_at_15.01.33-188xx140.jpeg,5e696f29-aa53-41ef-8d27-40eb698f2244,5e696f29-aa53-41ef-8d27-40eb698f2244,/Press-sluzhba/Novosti/window/46279548/,"В Университете состоялась выставка «Великая Отечественная война в советской и российской нумизматике», посвященная Дню полного освобождения Ленинграда от фашистской блокады","Знакомство с уникальной нумизматической коллекцией играет важную роль в повышении уровня патриотического, нравственного и эстетического воспитания личного состава Университета",Дата 26 Января  18:00                3,01/01/0001 00:00:00
882ad784-6488-4ca0-882b-667b5d7c1cb9,//static.mvd.ru/upload/site116/document_images/PHOTO-2024-01-26-11-35-51-188xx140.jpg,2b52601d-b1a4-4fa4-be2b-c2c4c6da62f5,2b52601d-b1a4-4fa4-be2b-c2c4c6da62f5,/Press-sluzhba/Novosti/window/46254293/,Курсант Университета завоевала серебро на Первенстве Москвы по легкой атлетике,Поздравляем Ольгу с победой и желаем новых спортивных достижений!,Дата 26 Января  11:52                1,01/01/0001 00:00:00
e97370b1-b483-43c0-b762-771d7f6631cf,//static.mvd.ru/upload/site116/document_images/2024-01-25_at_17.36.17-188xx140.jpeg,e8e05322-b6f4-4597-85a3-f160ea5e4ee1,e8e05322-b6f4-4597-85a3-f160ea5e4ee1,/Press-sluzhba/Novosti/window/46229879/,"Межвузовский круглый стол, посвященный Дню российского студенчества «Цифровизация правоотношений: проблемы теории и практики глазами молодых ученых»",В ходе дискуссии были рассмотрены наиболее актуальные вопросы,Дата 25 Января  18:30                4,01/01/0001 00:00:00
86ec805e-21c1-4c3f-84d5-162fa907c631,//static.mvd.ru/upload/site116/document_images/2024-01-25_at_17.40.11-188xx140.jpeg,e8e05322-b6f4-4597-85a3-f160ea5e4ee1,e8e05322-b6f4-4597-85a3-f160ea5e4ee1,/Press-sluzhba/Novosti/window/46229879/,"Межвузовский круглый стол, посвященный Дню российского студенчества «Цифровизация правоотношений: проблемы теории и практики глазами молодых ученых»",В ходе дискуссии были рассмотрены наиболее актуальные вопросы,Дата 25 Января  18:30                4,01/01/0001 00:00:00
cf482b87-e482-40ae-8f33-eea52f524bba,//static.mvd.ru/upload/site116/document_images/2024-01-25_at_17.36.09-188xx140.jpeg,e8e05322-b6f4-4597-85a3-f160ea5e4ee1,e8e05322-b6f4-4597-85a3-f160ea5e4ee1,/Press-sluzhba/Novosti/window/46229879/,"Межвузовский круглый стол, посвященный Дню российского студенчества «Цифровизация правоотношений: проблемы теории и практики глазами молодых ученых»",В ходе дискуссии были рассмотрены наиболее актуальные вопросы,Дата 25 Января  18:30                4,01/01/0001 00:00:00
3de59c0f-675f-4d03-b212-0874400aed3b,//static.mvd.ru/upload/site116/document_images/2024-01-25_at_17.36.32-188xx140.jpeg,e8e05322-b6f4-4597-85a3-f160ea5e4ee1,e8e05322-b6f4-4597-85a3-f160ea5e4ee1,/Press-sluzhba/Novosti/window/46229879/,"Межвузовский круглый стол, посвященный Дню российского студенчества «Цифровизация правоотношений: проблемы теории и практики глазами молодых ученых»",В ходе дискуссии были рассмотрены наиболее актуальные вопросы,Дата 25 Января  18:30                4,01/01/0001 00:00:00
e0df8c8a-854f-42d5-8434-6b9ec9826965,//static.mvd.ru/upload/site116/document_images/2024-01-24_at_10.57.37-188xx140.jpeg,184b60bf-7d1e-4c12-a3ee-dc530047f04d,184b60bf-7d1e-4c12-a3ee-dc530047f04d,/Press-sluzhba/Novosti/window/46163713/,В Московском университете МВД России имени В.Я. Кикотя состоялся цикл мероприятий в рамках реализации проекта «Пропаганда научных знаний»,"В мероприятиях приняли участие профессорско-преподавательский состав, адъюнкты факультета подготовки научно-педагогических и научных кадров, члены научного кружка кафедры",Дата 24 Января  12:20                2,01/01/0001 00:00:00
444b2f69-abb7-4eaa-ad60-5bcd3d6c9f14,//static.mvd.ru/upload/site116/document_images/2024-01-24_at_10.57.36-188xx140.jpeg,184b60bf-7d1e-4c12-a3ee-dc530047f04d,184b60bf-7d1e-4c12-a3ee-dc530047f04d,/Press-sluzhba/Novosti/window/46163713/,В Московском университете МВД России имени В.Я. Кикотя состоялся цикл мероприятий в рамках реализации проекта «Пропаганда научных знаний»,"В мероприятиях приняли участие профессорско-преподавательский состав, адъюнкты факультета подготовки научно-педагогических и научных кадров, члены научного кружка кафедры",Дата 24 Января  12:20                2,01/01/0001 00:00:00
b684767a-cd72-44f8-82c7-beecae08e246,//static.mvd.ru/upload/site116/document_images/2024-01-23_at_15.23.45_(1)-188xx140.jpeg,57ffbbb6-df88-4935-b591-fc4a007d2f47,57ffbbb6-df88-4935-b591-fc4a007d2f47,/Press-sluzhba/Novosti/window/46131735/,День донора в Московском университете МВД России имени В.Я. Кикотя,"В мероприятии приняли участие курсанты, слушатели, сотрудники и работники Университета",Дата 23 Января  15:50                7,01/01/0001 00:00:00
30236109-7a9e-47a7-ab73-5fd4585318a7,//static.mvd.ru/upload/site116/document_images/2024-01-23_at_15.23.46-188xx140.jpeg,57ffbbb6-df88-4935-b591-fc4a007d2f47,57ffbbb6-df88-4935-b591-fc4a007d2f47,/Press-sluzhba/Novosti/window/46131735/,День донора в Московском университете МВД России имени В.Я. Кикотя,"В мероприятии приняли участие курсанты, слушатели, сотрудники и работники Университета",Дата 23 Января  15:50                7,01/01/0001 00:00:00
479f485a-5ef4-4a72-b6d3-8d6fe7c6f40f,//static.mvd.ru/upload/site116/document_images/2024-01-23_at_15.23.46_(1)-188xx140.jpeg,57ffbbb6-df88-4935-b591-fc4a007d2f47,57ffbbb6-df88-4935-b591-fc4a007d2f47,/Press-sluzhba/Novosti/window/46131735/,День донора в Московском университете МВД России имени В.Я. Кикотя,"В мероприятии приняли участие курсанты, слушатели, сотрудники и работники Университета",Дата 23 Января  15:50                7,01/01/0001 00:00:00
311ae916-c467-418c-9493-6bef4f033e45,//static.mvd.ru/upload/site116/document_images/2024-01-23_at_15.23.45-188xx140.jpeg,57ffbbb6-df88-4935-b591-fc4a007d2f47,57ffbbb6-df88-4935-b591-fc4a007d2f47,/Press-sluzhba/Novosti/window/46131735/,День донора в Московском университете МВД России имени В.Я. Кикотя,"В мероприятии приняли участие курсанты, слушатели, сотрудники и работники Университета",Дата 23 Января  15:50                7,01/01/0001 00:00:00
6aae88e1-5b01-4ff0-8e4b-aa43366bce17,//static.mvd.ru/upload/site116/document_images/2024-01-23_at_15.23.45_(3)-188xx140.jpeg,57ffbbb6-df88-4935-b591-fc4a007d2f47,57ffbbb6-df88-4935-b591-fc4a007d2f47,/Press-sluzhba/Novosti/window/46131735/,День донора в Московском университете МВД России имени В.Я. Кикотя,"В мероприятии приняли участие курсанты, слушатели, сотрудники и работники Университета",Дата 23 Января  15:50                7,01/01/0001 00:00:00
dd5813df-f430-4a30-a1a4-9221a8c7f095,//static.mvd.ru/upload/site116/document_images/2024-01-23_at_15.23.45_(2)-188xx140.jpeg,57ffbbb6-df88-4935-b591-fc4a007d2f47,57ffbbb6-df88-4935-b591-fc4a007d2f47,/Press-sluzhba/Novosti/window/46131735/,День донора в Московском университете МВД России имени В.Я. Кикотя,"В мероприятии приняли участие курсанты, слушатели, сотрудники и работники Университета",Дата 23 Января  15:50                7,01/01/0001 00:00:00
d20fe1e6-bc89-42d7-9b86-483d09759392,//static.mvd.ru/upload/site116/document_images/2024-01-23_at_15.23.44-188xx140.jpeg,57ffbbb6-df88-4935-b591-fc4a007d2f47,57ffbbb6-df88-4935-b591-fc4a007d2f47,/Press-sluzhba/Novosti/window/46131735/,День донора в Московском университете МВД России имени В.Я. Кикотя,"В мероприятии приняли участие курсанты, слушатели, сотрудники и работники Университета",Дата 23 Января  15:50                7,01/01/0001 00:00:00
90b118d4-1b74-4965-94fa-3fb7696365aa,//static.mvd.ru/upload/site116/document_images/2024-01-29_at_16.32.52-188xx140.jpeg,f0c9498c-22d7-4f64-a8bd-4554369565ae,f0c9498c-22d7-4f64-a8bd-4554369565ae,/Press-sluzhba/Novosti/window/46370642/,Заседание Совета по научной деятельности Московского университета  МВД России имени В.Я. Кикотя»,Особое внимание было уделено вопросам подготовки научно-педагогических и научных кадров на кафедрах Университета,Дата 29 Января  17:00                3,01/01/0001 00:00:00
023ee19e-8645-448d-a5d2-290f40023bda,//static.mvd.ru/upload/site116/document_images/2024-01-29_at_16.32.52_(1)-188xx140.jpeg,f0c9498c-22d7-4f64-a8bd-4554369565ae,f0c9498c-22d7-4f64-a8bd-4554369565ae,/Press-sluzhba/Novosti/window/46370642/,Заседание Совета по научной деятельности Московского университета  МВД России имени В.Я. Кикотя»,Особое внимание было уделено вопросам подготовки научно-педагогических и научных кадров на кафедрах Университета,Дата 29 Января  17:00                3,01/01/0001 00:00:00
9beed162-23cc-4d01-a09c-7a2719c48284,//static.mvd.ru/upload/site116/document_images/2024-01-29_at_16.32.52_(2)-188xx140.jpeg,f0c9498c-22d7-4f64-a8bd-4554369565ae,f0c9498c-22d7-4f64-a8bd-4554369565ae,/Press-sluzhba/Novosti/window/46370642/,Заседание Совета по научной деятельности Московского университета  МВД России имени В.Я. Кикотя»,Особое внимание было уделено вопросам подготовки научно-педагогических и научных кадров на кафедрах Университета,Дата 29 Января  17:00                3,01/01/0001 00:00:00
a83ccf61-fb6e-4792-8d1e-6c002b173f22,//static.mvd.ru/upload/site116/document_images/2024-01-26_at_15.01.34_(1)-188xx140.jpeg,5e696f29-aa53-41ef-8d27-40eb698f2244,5e696f29-aa53-41ef-8d27-40eb698f2244,/Press-sluzhba/Novosti/window/46279548/,"В Университете состоялась выставка «Великая Отечественная война в советской и российской нумизматике», посвященная Дню полного освобождения Ленинграда от фашистской блокады","Знакомство с уникальной нумизматической коллекцией играет важную роль в повышении уровня патриотического, нравственного и эстетического воспитания личного состава Университета",Дата 26 Января  18:00                3,01/01/0001 00:00:00
2012338b-d68f-4ecb-83fb-67f1a949e8d2,//static.mvd.ru/upload/site116/document_images/2024-01-26_at_15.01.34-188xx140.jpeg,5e696f29-aa53-41ef-8d27-40eb698f2244,5e696f29-aa53-41ef-8d27-40eb698f2244,/Press-sluzhba/Novosti/window/46279548/,"В Университете состоялась выставка «Великая Отечественная война в советской и российской нумизматике», посвященная Дню полного освобождения Ленинграда от фашистской блокады","Знакомство с уникальной нумизматической коллекцией играет важную роль в повышении уровня патриотического, нравственного и эстетического воспитания личного состава Университета",Дата 26 Января  18:00                3,01/01/0001 00:00:00
d6488216-b2a3-4b60-b100-ed95c3230b34,//static.mvd.ru/upload/site116/document_images/2024-01-26_at_15.01.33-188xx140.jpeg,5e696f29-aa53-41ef-8d27-40eb698f2244,5e696f29-aa53-41ef-8d27-40eb698f2244,/Press-sluzhba/Novosti/window/46279548/,"В Университете состоялась выставка «Великая Отечественная война в советской и российской нумизматике», посвященная Дню полного освобождения Ленинграда от фашистской блокады","Знакомство с уникальной нумизматической коллекцией играет важную роль в повышении уровня патриотического, нравственного и эстетического воспитания личного состава Университета",Дата 26 Января  18:00                3,01/01/0001 00:00:00
9c5c10f1-f226-42b4-88b6-58df0a7476a4,//static.mvd.ru/upload/site116/document_images/PHOTO-2024-01-26-11-35-51-188xx140.jpg,2b52601d-b1a4-4fa4-be2b-c2c4c6da62f5,2b52601d-b1a4-4fa4-be2b-c2c4c6da62f5,/Press-sluzhba/Novosti/window/46254293/,Курсант Университета завоевала серебро на Первенстве Москвы по легкой атлетике,Поздравляем Ольгу с победой и желаем новых спортивных достижений!,Дата 26 Января  11:52                1,01/01/0001 00:00:00
4dc40f57-fb63-4412-9448-a4b0cd3033a2,//static.mvd.ru/upload/site116/document_images/2024-01-25_at_17.36.17-188xx140.jpeg,e8e05322-b6f4-4597-85a3-f160ea5e4ee1,e8e05322-b6f4-4597-85a3-f160ea5e4ee1,/Press-sluzhba/Novosti/window/46229879/,"Межвузовский круглый стол, посвященный Дню российского студенчества «Цифровизация правоотношений: проблемы теории и практики глазами молодых ученых»",В ходе дискуссии были рассмотрены наиболее актуальные вопросы,Дата 25 Января  18:30                4,01/01/0001 00:00:00
7f4bce81-5f90-4daa-9b23-25794fe17d42,//static.mvd.ru/upload/site116/document_images/2024-01-25_at_17.40.11-188xx140.jpeg,e8e05322-b6f4-4597-85a3-f160ea5e4ee1,e8e05322-b6f4-4597-85a3-f160ea5e4ee1,/Press-sluzhba/Novosti/window/46229879/,"Межвузовский круглый стол, посвященный Дню российского студенчества «Цифровизация правоотношений: проблемы теории и практики глазами молодых ученых»",В ходе дискуссии были рассмотрены наиболее актуальные вопросы,Дата 25 Января  18:30                4,01/01/0001 00:00:00
da77a4bc-9ef6-47e5-b685-b308963af9eb,//static.mvd.ru/upload/site116/document_images/2024-01-25_at_17.36.09-188xx140.jpeg,e8e05322-b6f4-4597-85a3-f160ea5e4ee1,e8e05322-b6f4-4597-85a3-f160ea5e4ee1,/Press-sluzhba/Novosti/window/46229879/,"Межвузовский круглый стол, посвященный Дню российского студенчества «Цифровизация правоотношений: проблемы теории и практики глазами молодых ученых»",В ходе дискуссии были рассмотрены наиболее актуальные вопросы,Дата 25 Января  18:30                4,01/01/0001 00:00:00
3e66abd9-1b8b-4f4e-ba5a-979367319e27,//static.mvd.ru/upload/site116/document_images/2024-01-25_at_17.36.32-188xx140.jpeg,e8e05322-b6f4-4597-85a3-f160ea5e4ee1,e8e05322-b6f4-4597-85a3-f160ea5e4ee1,/Press-sluzhba/Novosti/window/46229879/,"Межвузовский круглый стол, посвященный Дню российского студенчества «Цифровизация правоотношений: проблемы теории и практики глазами молодых ученых»",В ходе дискуссии были рассмотрены наиболее актуальные вопросы,Дата 25 Января  18:30                4,01/01/0001 00:00:00
50935aff-7eeb-4989-b326-1c6e6d21a820,//static.mvd.ru/upload/site116/document_images/2024-01-24_at_10.57.37-188xx140.jpeg,184b60bf-7d1e-4c12-a3ee-dc530047f04d,184b60bf-7d1e-4c12-a3ee-dc530047f04d,/Press-sluzhba/Novosti/window/46163713/,В Московском университете МВД России имени В.Я. Кикотя состоялся цикл мероприятий в рамках реализации проекта «Пропаганда научных знаний»,"В мероприятиях приняли участие профессорско-преподавательский состав, адъюнкты факультета подготовки научно-педагогических и научных кадров, члены научного кружка кафедры",Дата 24 Января  12:20                2,01/01/0001 00:00:00
88cae5fc-0aaa-4e70-b466-487efa600de6,//static.mvd.ru/upload/site116/document_images/2024-01-24_at_10.57.36-188xx140.jpeg,184b60bf-7d1e-4c12-a3ee-dc530047f04d,184b60bf-7d1e-4c12-a3ee-dc530047f04d,/Press-sluzhba/Novosti/window/46163713/,В Московском университете МВД России имени В.Я. Кикотя состоялся цикл мероприятий в рамках реализации проекта «Пропаганда научных знаний»,"В мероприятиях приняли участие профессорско-преподавательский состав, адъюнкты факультета подготовки научно-педагогических и научных кадров, члены научного кружка кафедры",Дата 24 Января  12:20                2,01/01/0001 00:00:00
24f3a1f9-dbd7-4c39-b137-bc55974af359,//static.mvd.ru/upload/site116/document_images/2024-01-23_at_15.23.45_(1)-188xx140.jpeg,57ffbbb6-df88-4935-b591-fc4a007d2f47,57ffbbb6-df88-4935-b591-fc4a007d2f47,/Press-sluzhba/Novosti/window/46131735/,День донора в Московском университете МВД России имени В.Я. Кикотя,"В мероприятии приняли участие курсанты, слушатели, сотрудники и работники Университета",Дата 23 Января  15:50                7,01/01/0001 00:00:00
11738a19-3652-4e44-875a-fbe43422f9e4,//static.mvd.ru/upload/site116/document_images/2024-01-23_at_15.23.46-188xx140.jpeg,57ffbbb6-df88-4935-b591-fc4a007d2f47,57ffbbb6-df88-4935-b591-fc4a007d2f47,/Press-sluzhba/Novosti/window/46131735/,День донора в Московском университете МВД России имени В.Я. Кикотя,"В мероприятии приняли участие курсанты, слушатели, сотрудники и работники Университета",Дата 23 Января  15:50                7,01/01/0001 00:00:00
3c70ae93-55bd-4892-a8b6-a18876d830ed,//static.mvd.ru/upload/site116/document_images/2024-01-23_at_15.23.46_(1)-188xx140.jpeg,57ffbbb6-df88-4935-b591-fc4a007d2f47,57ffbbb6-df88-4935-b591-fc4a007d2f47,/Press-sluzhba/Novosti/window/46131735/,День донора в Московском университете МВД России имени В.Я. Кикотя,"В мероприятии приняли участие курсанты, слушатели, сотрудники и работники Университета",Дата 23 Января  15:50                7,01/01/0001 00:00:00
616480de-b2f4-48c6-8464-fbc89008a6cb,//static.mvd.ru/upload/site116/document_images/2024-01-23_at_15.23.45-188xx140.jpeg,57ffbbb6-df88-4935-b591-fc4a007d2f47,57ffbbb6-df88-4935-b591-fc4a007d2f47,/Press-sluzhba/Novosti/window/46131735/,День донора в Московском университете МВД России имени В.Я. Кикотя,"В мероприятии приняли участие курсанты, слушатели, сотрудники и работники Университета",Дата 23 Января  15:50                7,01/01/0001 00:00:00
6a9c8bc6-1d49-4239-89b1-4fce1aae44c6,//static.mvd.ru/upload/site116/document_images/2024-01-23_at_15.23.45_(3)-188xx140.jpeg,57ffbbb6-df88-4935-b591-fc4a007d2f47,57ffbbb6-df88-4935-b591-fc4a007d2f47,/Press-sluzhba/Novosti/window/46131735/,День донора в Московском университете МВД России имени В.Я. Кикотя,"В мероприятии приняли участие курсанты, слушатели, сотрудники и работники Университета",Дата 23 Января  15:50                7,01/01/0001 00:00:00
e68aedd0-06aa-44e2-973c-f8cdbb978f75,//static.mvd.ru/upload/site116/document_images/2024-01-23_at_15.23.45_(2)-188xx140.jpeg,57ffbbb6-df88-4935-b591-fc4a007d2f47,57ffbbb6-df88-4935-b591-fc4a007d2f47,/Press-sluzhba/Novosti/window/46131735/,День донора в Московском университете МВД России имени В.Я. Кикотя,"В мероприятии приняли участие курсанты, слушатели, сотрудники и работники Университета",Дата 23 Января  15:50                7,01/01/0001 00:00:00
bb16d626-3476-49da-a3b4-dccd1b882d1f,//static.mvd.ru/upload/site116/document_images/2024-01-23_at_15.23.44-188xx140.jpeg,57ffbbb6-df88-4935-b591-fc4a007d2f47,57ffbbb6-df88-4935-b591-fc4a007d2f47,/Press-sluzhba/Novosti/window/46131735/,День донора в Московском университете МВД России имени В.Я. Кикотя,"В мероприятии приняли участие курсанты, слушатели, сотрудники и работники Университета",Дата 23 Января  15:50                7,01/01/0001 00:00:00
59de749f-7f49-47d5-bb26-8041a413d8fc,//static.mvd.ru/upload/site116/document_images/2024-01-19_at_16.01.52-188xx140.jpg,da567fec-ccdd-430a-b9ae-01b659220062,da567fec-ccdd-430a-b9ae-01b659220062,/Press-sluzhba/Novosti/window/45974460/,Представители Университета стали победителями и призерами Чемпионата и Первенства Центрального федерального округа по легкой атлетике,Поздравляем с победой и желаем новых спортивных достижений!,Дата 19 Января  16:00                5,01/01/0001 00:00:00
84070bb5-4083-443b-9501-6cf8ca04d4e9,//static.mvd.ru/upload/site116/document_images/2024-01-18_at_16.10.05-188xx140.jpeg,da567fec-ccdd-430a-b9ae-01b659220062,da567fec-ccdd-430a-b9ae-01b659220062,/Press-sluzhba/Novosti/window/45974460/,Представители Университета стали победителями и призерами Чемпионата и Первенства Центрального федерального округа по легкой атлетике,Поздравляем с победой и желаем новых спортивных достижений!,Дата 19 Января  16:00                5,01/01/0001 00:00:00
8f145e0b-88ce-43a8-a7da-b851fece4e2a,//static.mvd.ru/upload/site116/document_images/2024-01-18_at_16.10.05_(2)-188xx140.jpeg,da567fec-ccdd-430a-b9ae-01b659220062,da567fec-ccdd-430a-b9ae-01b659220062,/Press-sluzhba/Novosti/window/45974460/,Представители Университета стали победителями и призерами Чемпионата и Первенства Центрального федерального округа по легкой атлетике,Поздравляем с победой и желаем новых спортивных достижений!,Дата 19 Января  16:00                5,01/01/0001 00:00:00
db39a517-40f9-4647-813b-fc43618b6c43,//static.mvd.ru/upload/site116/document_images/2024-01-18_at_16.10.04-188xx140.jpeg,da567fec-ccdd-430a-b9ae-01b659220062,da567fec-ccdd-430a-b9ae-01b659220062,/Press-sluzhba/Novosti/window/45974460/,Представители Университета стали победителями и призерами Чемпионата и Первенства Центрального федерального округа по легкой атлетике,Поздравляем с победой и желаем новых спортивных достижений!,Дата 19 Января  16:00                5,01/01/0001 00:00:00
406b6d09-ca44-4e28-9835-dea548005311,//static.mvd.ru/upload/site116/document_images/2024-01-18_at_16.10.05_(1)-188xx140.jpeg,da567fec-ccdd-430a-b9ae-01b659220062,da567fec-ccdd-430a-b9ae-01b659220062,/Press-sluzhba/Novosti/window/45974460/,Представители Университета стали победителями и призерами Чемпионата и Первенства Центрального федерального округа по легкой атлетике,Поздравляем с победой и желаем новых спортивных достижений!,Дата 19 Января  16:00                5,01/01/0001 00:00:00
2a54b846-f11a-4a6e-ad3b-da3b2c88d487,//static.mvd.ru/upload/site116/document_images/2024-01-29_at_16.32.52-188xx140.jpeg,f0c9498c-22d7-4f64-a8bd-4554369565ae,f0c9498c-22d7-4f64-a8bd-4554369565ae,/Press-sluzhba/Novosti/window/46370642/,Заседание Совета по научной деятельности Московского университета  МВД России имени В.Я. Кикотя»,Особое внимание было уделено вопросам подготовки научно-педагогических и научных кадров на кафедрах Университета,Дата 29 Января  17:00                3,01/01/0001 00:00:00
34d4067a-431f-4cf8-ba49-30e1bbb7fdda,//static.mvd.ru/upload/site116/document_images/2024-01-29_at_16.32.52_(1)-188xx140.jpeg,f0c9498c-22d7-4f64-a8bd-4554369565ae,f0c9498c-22d7-4f64-a8bd-4554369565ae,/Press-sluzhba/Novosti/window/46370642/,Заседание Совета по научной деятельности Московского университета  МВД России имени В.Я. Кикотя»,Особое внимание было уделено вопросам подготовки научно-педагогических и научных кадров на кафедрах Университета,Дата 29 Января  17:00                3,01/01/0001 00:00:00
64894905-d55a-475b-8214-1c0e04823a20,//static.mvd.ru/upload/site116/document_images/2024-01-29_at_16.32.52_(2)-188xx140.jpeg,f0c9498c-22d7-4f64-a8bd-4554369565ae,f0c9498c-22d7-4f64-a8bd-4554369565ae,/Press-sluzhba/Novosti/window/46370642/,Заседание Совета по научной деятельности Московского университета  МВД России имени В.Я. Кикотя»,Особое внимание было уделено вопросам подготовки научно-педагогических и научных кадров на кафедрах Университета,Дата 29 Января  17:00                3,01/01/0001 00:00:00
6686fb42-dcc2-47c9-af6e-847b47e38f90,//static.mvd.ru/upload/site116/document_images/2024-01-26_at_15.01.34_(1)-188xx140.jpeg,5e696f29-aa53-41ef-8d27-40eb698f2244,5e696f29-aa53-41ef-8d27-40eb698f2244,/Press-sluzhba/Novosti/window/46279548/,"В Университете состоялась выставка «Великая Отечественная война в советской и российской нумизматике», посвященная Дню полного освобождения Ленинграда от фашистской блокады","Знакомство с уникальной нумизматической коллекцией играет важную роль в повышении уровня патриотического, нравственного и эстетического воспитания личного состава Университета",Дата 26 Января  18:00                3,01/01/0001 00:00:00
57ab0ef8-0752-4691-aa75-4baf07b45904,//static.mvd.ru/upload/site116/document_images/2024-01-26_at_15.01.34-188xx140.jpeg,5e696f29-aa53-41ef-8d27-40eb698f2244,5e696f29-aa53-41ef-8d27-40eb698f2244,/Press-sluzhba/Novosti/window/46279548/,"В Университете состоялась выставка «Великая Отечественная война в советской и российской нумизматике», посвященная Дню полного освобождения Ленинграда от фашистской блокады","Знакомство с уникальной нумизматической коллекцией играет важную роль в повышении уровня патриотического, нравственного и эстетического воспитания личного состава Университета",Дата 26 Января  18:00                3,01/01/0001 00:00:00
d8218fb5-1946-4b4b-b7fe-f1f5c9bfe458,//static.mvd.ru/upload/site116/document_images/2024-01-26_at_15.01.33-188xx140.jpeg,5e696f29-aa53-41ef-8d27-40eb698f2244,5e696f29-aa53-41ef-8d27-40eb698f2244,/Press-sluzhba/Novosti/window/46279548/,"В Университете состоялась выставка «Великая Отечественная война в советской и российской нумизматике», посвященная Дню полного освобождения Ленинграда от фашистской блокады","Знакомство с уникальной нумизматической коллекцией играет важную роль в повышении уровня патриотического, нравственного и эстетического воспитания личного состава Университета",Дата 26 Января  18:00                3,01/01/0001 00:00:00
7ebc4764-3c7a-4e8e-b521-3bc5e148a812,//static.mvd.ru/upload/site116/document_images/PHOTO-2024-01-26-11-35-51-188xx140.jpg,2b52601d-b1a4-4fa4-be2b-c2c4c6da62f5,2b52601d-b1a4-4fa4-be2b-c2c4c6da62f5,/Press-sluzhba/Novosti/window/46254293/,Курсант Университета завоевала серебро на Первенстве Москвы по легкой атлетике,Поздравляем Ольгу с победой и желаем новых спортивных достижений!,Дата 26 Января  11:52                1,01/01/0001 00:00:00
32a6cea4-65ca-422e-90f1-386efcc24ea3,//static.mvd.ru/upload/site116/document_images/2024-01-25_at_17.36.17-188xx140.jpeg,e8e05322-b6f4-4597-85a3-f160ea5e4ee1,e8e05322-b6f4-4597-85a3-f160ea5e4ee1,/Press-sluzhba/Novosti/window/46229879/,"Межвузовский круглый стол, посвященный Дню российского студенчества «Цифровизация правоотношений: проблемы теории и практики глазами молодых ученых»",В ходе дискуссии были рассмотрены наиболее актуальные вопросы,Дата 25 Января  18:30                4,01/01/0001 00:00:00
3c5e6f63-0da5-4610-a312-0d8426540720,//static.mvd.ru/upload/site116/document_images/2024-01-25_at_17.40.11-188xx140.jpeg,e8e05322-b6f4-4597-85a3-f160ea5e4ee1,e8e05322-b6f4-4597-85a3-f160ea5e4ee1,/Press-sluzhba/Novosti/window/46229879/,"Межвузовский круглый стол, посвященный Дню российского студенчества «Цифровизация правоотношений: проблемы теории и практики глазами молодых ученых»",В ходе дискуссии были рассмотрены наиболее актуальные вопросы,Дата 25 Января  18:30                4,01/01/0001 00:00:00
5af31b30-e6cb-4952-a394-a88c63ed5de6,//static.mvd.ru/upload/site116/document_images/2024-01-25_at_17.36.09-188xx140.jpeg,e8e05322-b6f4-4597-85a3-f160ea5e4ee1,e8e05322-b6f4-4597-85a3-f160ea5e4ee1,/Press-sluzhba/Novosti/window/46229879/,"Межвузовский круглый стол, посвященный Дню российского студенчества «Цифровизация правоотношений: проблемы теории и практики глазами молодых ученых»",В ходе дискуссии были рассмотрены наиболее актуальные вопросы,Дата 25 Января  18:30                4,01/01/0001 00:00:00
bee22e6c-c6df-4728-b5fe-ca3e671c60f7,//static.mvd.ru/upload/site116/document_images/2024-01-25_at_17.36.32-188xx140.jpeg,e8e05322-b6f4-4597-85a3-f160ea5e4ee1,e8e05322-b6f4-4597-85a3-f160ea5e4ee1,/Press-sluzhba/Novosti/window/46229879/,"Межвузовский круглый стол, посвященный Дню российского студенчества «Цифровизация правоотношений: проблемы теории и практики глазами молодых ученых»",В ходе дискуссии были рассмотрены наиболее актуальные вопросы,Дата 25 Января  18:30                4,01/01/0001 00:00:00
8c1cbe4b-2e78-4755-9b27-4113581c5506,//static.mvd.ru/upload/site116/document_images/2024-01-24_at_10.57.37-188xx140.jpeg,184b60bf-7d1e-4c12-a3ee-dc530047f04d,184b60bf-7d1e-4c12-a3ee-dc530047f04d,/Press-sluzhba/Novosti/window/46163713/,В Московском университете МВД России имени В.Я. Кикотя состоялся цикл мероприятий в рамках реализации проекта «Пропаганда научных знаний»,"В мероприятиях приняли участие профессорско-преподавательский состав, адъюнкты факультета подготовки научно-педагогических и научных кадров, члены научного кружка кафедры",Дата 24 Января  12:20                2,01/01/0001 00:00:00
32e8e734-6bff-488a-b119-1ce6db3fc60d,//static.mvd.ru/upload/site116/document_images/2024-01-24_at_10.57.36-188xx140.jpeg,184b60bf-7d1e-4c12-a3ee-dc530047f04d,184b60bf-7d1e-4c12-a3ee-dc530047f04d,/Press-sluzhba/Novosti/window/46163713/,В Московском университете МВД России имени В.Я. Кикотя состоялся цикл мероприятий в рамках реализации проекта «Пропаганда научных знаний»,"В мероприятиях приняли участие профессорско-преподавательский состав, адъюнкты факультета подготовки научно-педагогических и научных кадров, члены научного кружка кафедры",Дата 24 Января  12:20                2,01/01/0001 00:00:00
3dfaedb8-513d-4938-942b-154ef36b7ea3,//static.mvd.ru/upload/site116/document_images/2024-01-23_at_15.23.45_(1)-188xx140.jpeg,57ffbbb6-df88-4935-b591-fc4a007d2f47,57ffbbb6-df88-4935-b591-fc4a007d2f47,/Press-sluzhba/Novosti/window/46131735/,День донора в Московском университете МВД России имени В.Я. Кикотя,"В мероприятии приняли участие курсанты, слушатели, сотрудники и работники Университета",Дата 23 Января  15:50                7,01/01/0001 00:00:00
72176f33-ab40-4bab-9a16-ce55550e0afc,//static.mvd.ru/upload/site116/document_images/2024-01-23_at_15.23.46-188xx140.jpeg,57ffbbb6-df88-4935-b591-fc4a007d2f47,57ffbbb6-df88-4935-b591-fc4a007d2f47,/Press-sluzhba/Novosti/window/46131735/,День донора в Московском университете МВД России имени В.Я. Кикотя,"В мероприятии приняли участие курсанты, слушатели, сотрудники и работники Университета",Дата 23 Января  15:50                7,01/01/0001 00:00:00
2b3d5764-74d5-4c63-8a6c-ebd25f7f33f4,//static.mvd.ru/upload/site116/document_images/2024-01-23_at_15.23.46_(1)-188xx140.jpeg,57ffbbb6-df88-4935-b591-fc4a007d2f47,57ffbbb6-df88-4935-b591-fc4a007d2f47,/Press-sluzhba/Novosti/window/46131735/,День донора в Московском университете МВД России имени В.Я. Кикотя,"В мероприятии приняли участие курсанты, слушатели, сотрудники и работники Университета",Дата 23 Января  15:50                7,01/01/0001 00:00:00
fd4c9f43-f4b6-424b-a33a-5e1ccd40987a,//static.mvd.ru/upload/site116/document_images/2024-01-23_at_15.23.45-188xx140.jpeg,57ffbbb6-df88-4935-b591-fc4a007d2f47,57ffbbb6-df88-4935-b591-fc4a007d2f47,/Press-sluzhba/Novosti/window/46131735/,День донора в Московском университете МВД России имени В.Я. Кикотя,"В мероприятии приняли участие курсанты, слушатели, сотрудники и работники Университета",Дата 23 Января  15:50                7,01/01/0001 00:00:00
e88b8730-741e-465d-b470-ea61977eefc7,//static.mvd.ru/upload/site116/document_images/2024-01-23_at_15.23.45_(3)-188xx140.jpeg,57ffbbb6-df88-4935-b591-fc4a007d2f47,57ffbbb6-df88-4935-b591-fc4a007d2f47,/Press-sluzhba/Novosti/window/46131735/,День донора в Московском университете МВД России имени В.Я. Кикотя,"В мероприятии приняли участие курсанты, слушатели, сотрудники и работники Университета",Дата 23 Января  15:50                7,01/01/0001 00:00:00
883c3e44-835a-44c1-a673-3c02f0d28cec,//static.mvd.ru/upload/site116/document_images/2024-01-23_at_15.23.45_(2)-188xx140.jpeg,57ffbbb6-df88-4935-b591-fc4a007d2f47,57ffbbb6-df88-4935-b591-fc4a007d2f47,/Press-sluzhba/Novosti/window/46131735/,День донора в Московском университете МВД России имени В.Я. Кикотя,"В мероприятии приняли участие курсанты, слушатели, сотрудники и работники Университета",Дата 23 Января  15:50                7,01/01/0001 00:00:00
ec538e65-bea7-410d-82c2-040f4e5eceba,//static.mvd.ru/upload/site116/document_images/2024-01-23_at_15.23.44-188xx140.jpeg,57ffbbb6-df88-4935-b591-fc4a007d2f47,57ffbbb6-df88-4935-b591-fc4a007d2f47,/Press-sluzhba/Novosti/window/46131735/,День донора в Московском университете МВД России имени В.Я. Кикотя,"В мероприятии приняли участие курсанты, слушатели, сотрудники и работники Университета",Дата 23 Января  15:50                7,01/01/0001 00:00:00
7d5efdd9-cd13-4347-8215-c49e6e0b3c56,//static.mvd.ru/upload/site116/document_images/2024-01-19_at_16.01.52-188xx140.jpg,da567fec-ccdd-430a-b9ae-01b659220062,da567fec-ccdd-430a-b9ae-01b659220062,/Press-sluzhba/Novosti/window/45974460/,Представители Университета стали победителями и призерами Чемпионата и Первенства Центрального федерального округа по легкой атлетике,Поздравляем с победой и желаем новых спортивных достижений!,Дата 19 Января  16:00                5,01/01/0001 00:00:00
152c6f2c-8a09-4994-90ac-a25456639b8c,//static.mvd.ru/upload/site116/document_images/2024-01-18_at_16.10.05-188xx140.jpeg,da567fec-ccdd-430a-b9ae-01b659220062,da567fec-ccdd-430a-b9ae-01b659220062,/Press-sluzhba/Novosti/window/45974460/,Представители Университета стали победителями и призерами Чемпионата и Первенства Центрального федерального округа по легкой атлетике,Поздравляем с победой и желаем новых спортивных достижений!,Дата 19 Января  16:00                5,01/01/0001 00:00:00
94af0ed8-9e20-4cc5-a34f-3f175d508549,//static.mvd.ru/upload/site116/document_images/2024-01-18_at_16.10.05_(2)-188xx140.jpeg,da567fec-ccdd-430a-b9ae-01b659220062,da567fec-ccdd-430a-b9ae-01b659220062,/Press-sluzhba/Novosti/window/45974460/,Представители Университета стали победителями и призерами Чемпионата и Первенства Центрального федерального округа по легкой атлетике,Поздравляем с победой и желаем новых спортивных достижений!,Дата 19 Января  16:00                5,01/01/0001 00:00:00
23e597e2-f273-433a-a8c8-aeed41d0e188,//static.mvd.ru/upload/site116/document_images/2024-01-18_at_16.10.04-188xx140.jpeg,da567fec-ccdd-430a-b9ae-01b659220062,da567fec-ccdd-430a-b9ae-01b659220062,/Press-sluzhba/Novosti/window/45974460/,Представители Университета стали победителями и призерами Чемпионата и Первенства Центрального федерального округа по легкой атлетике,Поздравляем с победой и желаем новых спортивных достижений!,Дата 19 Января  16:00                5,01/01/0001 00:00:00
f07822ad-b165-4516-9255-0b3a1e26969c,//static.mvd.ru/upload/site116/document_images/2024-01-18_at_16.10.05_(1)-188xx140.jpeg,da567fec-ccdd-430a-b9ae-01b659220062,da567fec-ccdd-430a-b9ae-01b659220062,/Press-sluzhba/Novosti/window/45974460/,Представители Университета стали победителями и призерами Чемпионата и Первенства Центрального федерального округа по легкой атлетике,Поздравляем с победой и желаем новых спортивных достижений!,Дата 19 Января  16:00                5,01/01/0001 00:00:00
4d55dc1d-f581-4883-8d33-4eab708d88e1,//static.mvd.ru/upload/site116/document_images/2024-01-19_at_13.10.53-188xx140.jpeg,a70b9f6e-4882-46d6-bb15-4db812039ccd,a70b9f6e-4882-46d6-bb15-4db812039ccd,/Press-sluzhba/Novosti/window/46005304/,"В Храме-часовне во имя Архистратига Божьего Михаила при Московском университете МВД России имени В.Я. Кикотя состоялась Божественная Литургия, посвященная великому двунадесятому празднику Крещению Господня и Великому освящению воды",В этот светлый и радостный день настоятель Храма-часовни во имя Архистратига Божьего Михаила иерей Павел Усачев совершил праздничный молебен,Дата 19 Января  13:45                7,01/01/0001 00:00:00
c964992f-e5d8-4891-a83f-7b3516c3643c,//static.mvd.ru/upload/site116/document_images/2024-01-19_at_13.10.53_(1)-188xx140.jpeg,a70b9f6e-4882-46d6-bb15-4db812039ccd,a70b9f6e-4882-46d6-bb15-4db812039ccd,/Press-sluzhba/Novosti/window/46005304/,"В Храме-часовне во имя Архистратига Божьего Михаила при Московском университете МВД России имени В.Я. Кикотя состоялась Божественная Литургия, посвященная великому двунадесятому празднику Крещению Господня и Великому освящению воды",В этот светлый и радостный день настоятель Храма-часовни во имя Архистратига Божьего Михаила иерей Павел Усачев совершил праздничный молебен,Дата 19 Января  13:45                7,01/01/0001 00:00:00
3485cb16-e143-40bf-b3bd-9356154db358,//static.mvd.ru/upload/site116/document_images/2024-01-19_at_13.10.53_(2)-188xx140.jpeg,a70b9f6e-4882-46d6-bb15-4db812039ccd,a70b9f6e-4882-46d6-bb15-4db812039ccd,/Press-sluzhba/Novosti/window/46005304/,"В Храме-часовне во имя Архистратига Божьего Михаила при Московском университете МВД России имени В.Я. Кикотя состоялась Божественная Литургия, посвященная великому двунадесятому празднику Крещению Господня и Великому освящению воды",В этот светлый и радостный день настоятель Храма-часовни во имя Архистратига Божьего Михаила иерей Павел Усачев совершил праздничный молебен,Дата 19 Января  13:45                7,01/01/0001 00:00:00
4f99f440-b06d-467a-b033-36676e16c4c4,//static.mvd.ru/upload/site116/document_images/2024-01-19_at_13.10.54-188xx140.jpeg,a70b9f6e-4882-46d6-bb15-4db812039ccd,a70b9f6e-4882-46d6-bb15-4db812039ccd,/Press-sluzhba/Novosti/window/46005304/,"В Храме-часовне во имя Архистратига Божьего Михаила при Московском университете МВД России имени В.Я. Кикотя состоялась Божественная Литургия, посвященная великому двунадесятому празднику Крещению Господня и Великому освящению воды",В этот светлый и радостный день настоятель Храма-часовни во имя Архистратига Божьего Михаила иерей Павел Усачев совершил праздничный молебен,Дата 19 Января  13:45                7,01/01/0001 00:00:00
7a764d1b-c2ea-42f8-abff-459709e28c78,//static.mvd.ru/upload/site116/document_images/2024-01-19_at_13.10.54_(2)-188xx140.jpeg,a70b9f6e-4882-46d6-bb15-4db812039ccd,a70b9f6e-4882-46d6-bb15-4db812039ccd,/Press-sluzhba/Novosti/window/46005304/,"В Храме-часовне во имя Архистратига Божьего Михаила при Московском университете МВД России имени В.Я. Кикотя состоялась Божественная Литургия, посвященная великому двунадесятому празднику Крещению Господня и Великому освящению воды",В этот светлый и радостный день настоятель Храма-часовни во имя Архистратига Божьего Михаила иерей Павел Усачев совершил праздничный молебен,Дата 19 Января  13:45                7,01/01/0001 00:00:00
d2a90e65-890f-435c-87d0-b6c29bf1e7ed,//static.mvd.ru/upload/site116/document_images/2024-01-19_at_13.10.54_(1)-188xx140.jpeg,a70b9f6e-4882-46d6-bb15-4db812039ccd,a70b9f6e-4882-46d6-bb15-4db812039ccd,/Press-sluzhba/Novosti/window/46005304/,"В Храме-часовне во имя Архистратига Божьего Михаила при Московском университете МВД России имени В.Я. Кикотя состоялась Божественная Литургия, посвященная великому двунадесятому празднику Крещению Господня и Великому освящению воды",В этот светлый и радостный день настоятель Храма-часовни во имя Архистратига Божьего Михаила иерей Павел Усачев совершил праздничный молебен,Дата 19 Января  13:45                7,01/01/0001 00:00:00
682d9957-0eac-4c40-8278-39b5a442a025,//static.mvd.ru/upload/site116/document_images/2024-01-19_at_13.10.55-188xx140.jpeg,a70b9f6e-4882-46d6-bb15-4db812039ccd,a70b9f6e-4882-46d6-bb15-4db812039ccd,/Press-sluzhba/Novosti/window/46005304/,"В Храме-часовне во имя Архистратига Божьего Михаила при Московском университете МВД России имени В.Я. Кикотя состоялась Божественная Литургия, посвященная великому двунадесятому празднику Крещению Господня и Великому освящению воды",В этот светлый и радостный день настоятель Храма-часовни во имя Архистратига Божьего Михаила иерей Павел Усачев совершил праздничный молебен,Дата 19 Января  13:45                7,01/01/0001 00:00:00
